id;payment_date;amount;validity_date;description
1;2020-08-24T06:30:23;18398;2020-08-24;killer hacking
2;2020-08-23T20:07:36;53272;2020-08-24;Checking Account
3;2020-08-24T11:26:34;1714;2020-08-24;niches
4;2020-08-24T07:17:51;81027;2020-08-23;overriding back up
5;2020-08-24T06:16:18;44141;2020-08-24;copy hack
6;2020-08-24T11:18:27;71932;2020-08-23;Alabama Accountability digital
7;2020-08-24T03:14:18;9932;2020-08-24;Wooden Keyboard Plastic
8;2020-08-24T06:18:48;50235;2020-08-24;Singapore Dollar Sleek
9;2020-08-24T05:54:50;29946;2020-08-23;deposit
10;2020-08-23T21:20:07;78229;2020-08-24;Route
