id;name;date_of_birth;phone;created_time;login_time;prev_login_time
1;connecting Romania;2020-08-24;207.311.2898 x88561;2020-08-23T19:05:35;2020-08-23T16:36:13;2020-08-24T08:50:36
2;transition THX;2020-08-24;868-122-9649 x493;2020-08-24T14:48:28;2020-08-24T14:16:03;2020-08-24T05:30:10
3;South Carolina;2020-08-23;587-767-9838 x281;2020-08-24T00:56:45;2020-08-23T21:02:36;2020-08-24T07:32:09
4;Dynamic;2020-08-23;(114) 516-3938;2020-08-23T23:14:30;2020-08-24T14:08:15;2020-08-24T10:58:14
5;moderator Tasty Soft Table magnetic;2020-08-24;1-923-875-3159;2020-08-24T04:30:35;2020-08-23T20:23:53;2020-08-24T11:36:23
6;disintermediate Maine;2020-08-23;775.733.8638;2020-08-24T13:17:02;2020-08-24T01:35:17;2020-08-23T19:36:01
7;alarm Global;2020-08-24;1-043-415-1457 x447;2020-08-24T06:07:13;2020-08-24T12:58:51;2020-08-24T10:27:23
8;Computer bi-directional cultivate;2020-08-24;(354) 764-7685 x70410;2020-08-24T01:02:50;2020-08-24T00:14:37;2020-08-23T20:38:17
9;Checking Account Station;2020-08-24;1-375-494-1260;2020-08-23T20:45:39;2020-08-24T08:04:49;2020-08-23T23:02:56
10;communities Manager;2020-08-24;(246) 989-9148;2020-08-24T10:44:30;2020-08-24T14:11:20;2020-08-23T19:30:17
